precision,recall,accuracy,f1_score,log_loss,roc_auc
0.75,0.75,0.7846153846153846,0.75,0.44527096095471275,0.8777462537462537
